subject_code,subject_name
CSA101,Organizational and Management Concepts
CSC103,Intermediate Programming (LECTURE)
CSC103L,Intermediate Programming (Laboratory)
CSP101,Discrete Structures 1
GEC104,"Science, Technology and Society"
GEC104,"Science, Technology and Society"
GEC109,Life and Works of Rizal
GEC109,Life and Works of Rizal
GEE102,Living in the IT Era
GEE102,Living in the IT Era
GEE103,Reading Visual Arts
GEE103,Reading Visual Arts
NSTP2,Community Immersion
NSTP2,Community Immersion
PATHFit2,Exercise Based Fitness Activities
CSA101,Organizational and Management Concepts
CSC103,Intermediate Programming (LECTURE)
CSC103L,Intermediate Programming (Laboratory)
CSP101,Discrete Structures 1
GEC104,"Science, Technology and Society"
GEC104,"Science, Technology and Society"
GEC109,Life and Works of Rizal
GEC109,Life and Works of Rizal
GEE102,Living in the IT Era
GEE102,Living in the IT Era
GEE103,Reading Visual Arts
NSTP2,Community Immersion
NSTP2,Community Immersion
PATHFit2,Exercise Based Fitness Activities
CSC106,Information Management
CSC106L,Information Management (Laboratory)
CSP105,Networks and Communications
CSP105L,Networks and Communications (Laboratory)
CSA104,Web Systems and Technologies
CSA104L,Web Systems and Technologies Laboratory
CSP104,Algorithms and Complexity
CSP104,Algorithms and Complexity
PATHFit4,"Choice of Dance, Sports, Martial Arts, Group Exercise, Outdoor and Adventure Activities"
ACT-OJT2,Practicum 2
ACT-OJT2,Practicum 2
GEC105,Reading in the Philippine History and IP Studies
GEC105,Reading in the Philippine History and IP Studies
CSA103,System Analysis and Design
CSC106,Information Management
CSC106L,Information Management (Laboratory)
CSP105,Networks and Communications
CSP105L,Networks and Communications (Laboratory)
CSA104,Web Systems and Technologies
CSA104L,Web Systems and Technologies Laboratory
CSP104,Algorithms and Complexity
PATHFit4,"Choice of Dance, Sports, Martial Arts, Group Exercise, Outdoor and Adventure Activities"
GEC105,Reading in the Philippine History and IP Studies
CSA103,System Analysis and Design
CSP111,Software Engineering 2 (Laboratory)
CSP111,Software Engineering 2
CSP112,Operating System (Laboratory)
CSP112,Operating System
CSA106L,Event Driven Programming (Laboratory)
CSA106,Event Driven Programming (Lecture)
CSP113,Human Computer Interaction
MTE101,Quantitative Methods (Math Elective)
CSE102,Elective 2 (Laboratory)
CSE102,Elective 2
CSP115,CS Thesis Writing 1
CSP111,Software Engineering 2 (Laboratory)
CSP111,Software Engineering 2
CSP112,Operating System (Laboratory)
CSP112,Operating System
CSA106L,Event Driven Programming (Laboratory)
CSA106,Event Driven Programming (Lecture)
CSP113,Human Computer Interaction
MTE101,Quantitative Methods (Math Elective)
CSE102,Elective 2 (Laboratory)
CSE102,Elective 2
CSP115,CS Thesis Writing 1
CSP117,CS Practicum
CSP116,Thesis Writing 2
CSP117,CS Practicum
CSP116,Thesis Writing 2
CSP117,CS Practicum
CSP116,Thesis Writing 2
ACT-OJT2,Practicum 2
ACT-OJT2,Practicum 2
NSTP2,Community Immersion
NSTP2,Community Immersion
PATHFit2,Exercise Based Fitness Activities
HPC2,Fundamentals in Lodging Operation (Laboratory)
HPC2,Fundamentals in Lodging Operation (Lecture)
HPC1,Kitchen Essentials and Basic Food Preparation (Lecture)
HMPE2,Bread and Pastry (Lecture)
GEC 109,Life and Works of Rizal
GEC 109,Life and Works of Rizal
GEE 102,Living in the IT Era
GEE 102,Living in the IT Era
HPC4,Applied Business Tools and Technologies
THC5,Micro Perspective of Tourism and Hospitality
GEC 104,Science Technology and Society
GEC 104,Science Technology and Society
NSTP2,Community Immersion
NSTP2,Community Immersion
THC9,Multicultural Diversity in Workplace for the Tourism Professional
HPC2,Fundamentals in Lodging Operation (Laboratory)
HPC2,Fundamentals in Lodging Operation (Lecture)
HPC1,Kitchen Essentials and Basic Food Preparation (Laboratory)
HPC1,Kitchen Essentials and Basic Food Preparation (Lecture)
GEC 109,Life and Works of Rizal
GEC 109,Life and Works of Rizal
LABCUST,Laboratory Custodian
GEE 102,Living in the IT Era
HM-Prac 1,Practicum (Hotel Phase) - 300 hours
THC5,Micro Perspective of Tourism and Hospitality
GEC 104,Science Technology and Society
GEC 104,Science Technology and Society
NSTP2,Community Immersion
NSTP2,Community Immersion
PATHFit2,Exercise Based Fitness Activities
HPC2,Fundamentals in Lodging Operation (Laboratory)
HPC2,Fundamentals in Lodging Operation (Lecture)
GEE 102,Living in the IT Era
HMPE3,Recreation And Leisure Management
GEC 109,Life and Works of Rizal
GEC 109,Life and Works of Rizal
GEE 102,Living in the IT Era
GEE 102,Living in the IT Era
THC5,Micro Perspective of Tourism and Hospitality
THC5,Micro Perspective of Tourism and Hospitality
GEC 104,Science Technology and Society
GEC 104,Science Technology and Society
NSTP2,Community Immersion
NSTP2,Community Immersion
PATHFit2,Exercise Based Fitness Activities
GEC 105,Reading in the Philippine History and IP Studies
HPC4,Applied Business Tools and Technologies
HPC1,Kitchen Essentials and Basic Food Preparation (Laboratory)
HPC1,Kitchen Essentials and Basic Food Preparation (Lecture)
GEC 109,Life and Works of Rizal
GEC 109,Life and Works of Rizal
BME2,Strategic Management in Tourism and Hospitality
GEE 102,Living in the IT Era
HPC1,Kitchen Essentials and Basic Food Preparation (Laboratory)
THC5,Micro Perspective of Tourism and Hospitality
GEC 104,Science Technology and Society
GEC 104,Science Technology and Society
HPC4,Applied Business Tools and Technologies
HPC4,Applied Business Tools and Technologies
HMPE2,Bread and Pastry (Laboratory)
HMPE2,Bread and Pastry (Lecture)
HPC6,Foreign Language 1
HPC6,Foreign Language 1
THC6,Professional Development and Applied Ethics
THC6,Professional Development and Applied Ethics
GEC 105,Reading in the Philippine History and IP Studies
GEC 105,Reading in the Philippine History and IP Studies
HMPE2,Bread and Pastry (Laboratory)
HMPE3,Recreation And Leisure Management
THC5,Micro Perspective of Tourism and Hospitality
PATHFit4,"Sports, Martial Arts, Outdoor and Adventure Activities"
GEC 105,Reading in the Philippine History and IP Studies
HPC4,Applied Business Tools and Technologies
HPC4,Applied Business Tools and Technologies
BME2,Strategic Management in Tourism and Hospitality
HMPE7,Front Office Operation
HPC6,Foreign Language 1
HPC6,Foreign Language 1
THC6,Professional Development and Applied Ethics
THC6,Professional Development and Applied Ethics
HPC2,Fundamentals in Lodging Operation (Lecture)
LABCUST,Laboratory Custodian
HMPE3,Recreation And Leisure Management
HMPE3,Recreation And Leisure Management
PATHFit4,"Sports, Martial Arts, Outdoor and Adventure Activities"
HPC5,Supply Chain Management in Hospitality Industry
HPC5,Supply Chain Management in Hospitality Industry
HPC4,Applied Business Tools and Technologies
HPC4,Applied Business Tools and Technologies
PATHFit2,Exercise Based Fitness Activities
BME2,Strategic Management in Tourism and Hospitality
HPC6,Foreign Language 1
HPC6,Foreign Language 1
THC6,Professional Development and Applied Ethics
THC6,Professional Development and Applied Ethics
GEC 105,Reading in the Philippine History and IP Studies
GEC 105,Reading in the Philippine History and IP Studies
HMPE3,Recreation And Leisure Management
HMPE3,Recreation And Leisure Management
PATHFit4,"Sports, Martial Arts, Outdoor and Adventure Activities"
HPC5,Supply Chain Management in Hospitality Industry
HPC5,Supply Chain Management in Hospitality Industry
HPC9,Ergonomics and Facilities Planning for the Hospitality Industry
HMPE2,Bread and Pastry (Laboratory)
HMPE2,Bread and Pastry (Lecture)
HPC6,Foreign Language 1
HPC6,Foreign Language 1
THC6,Professional Development and Applied Ethics
THC6,Professional Development and Applied Ethics
GEC 105,Reading in the Philippine History and IP Studies
GEC 105,Reading in the Philippine History and IP Studies
HMPE3,Recreation And Leisure Management
HMPE3,Recreation And Leisure Management
PATHFit4,"Sports, Martial Arts, Outdoor and Adventure Activities"
HMPE7,Front Office Operation
HPC5,Supply Chain Management in Hospitality Industry
HPC5,Supply Chain Management in Hospitality Industry
HPC9,Ergonomics and Facilities Planning for the Hospitality Industry
HPC9,Ergonomics and Facilities Planning for the Hospitality Industry
THC8,Legal Aspects in Tourism and Hospitality
THC8,Legal Aspects in Tourism and Hospitality
THC9,Multicultural Diversity in Workplace for the Tourism Professional
THC9,Multicultural Diversity in Workplace for the Tourism Professional
HMPE7,Front Office Operation
HMPE7,Front Office Operation
HMPE6,Specialty Cuisine (Laboratory)
HMPE6,Specialty Cuisine (Lecture)
BME2,Strategic Management in Tourism and Hospitality
BME2,Strategic Management in Tourism and Hospitality
HPC1,Kitchen Essentials and Basic Food Preparation (Lecture)
HPC9,Ergonomics and Facilities Planning for the Hospitality Industry
THC8,Legal Aspects in Tourism and Hospitality
THC8,Legal Aspects in Tourism and Hospitality
HMPE2,Bread and Pastry (Lecture)
THC9,Multicultural Diversity in Workplace for the Tourism Professional
LABCUST,Laboratory Custodian
HMPE7,Front Office Operation
HMPE6,Specialty Cuisine (Laboratory)
HMPE6,Specialty Cuisine (Lecture)
THC5,Micro Perspective of Tourism and Hospitality
BME2,Strategic Management in Tourism and Hospitality
HPC2,Fundamentals in Lodging Operation (Laboratory)
HPC9,Ergonomics and Facilities Planning for the Hospitality Industry
THC8,Legal Aspects in Tourism and Hospitality
THC8,Legal Aspects in Tourism and Hospitality
HPC5,Supply Chain Management in Hospitality Industry
THC9,Multicultural Diversity in Workplace for the Tourism Professional
HPC9,Ergonomics and Facilities Planning for the Hospitality Industry
HMPE7,Front Office Operation
HMPE6,Specialty Cuisine (Laboratory)
HMPE6,Specialty Cuisine (Lecture)
HMPE7,Front Office Operation
BME2,Strategic Management in Tourism and Hospitality
HPC9,Ergonomics and Facilities Planning for the Hospitality Industry
HPC9,Ergonomics and Facilities Planning for the Hospitality Industry
THC8,Legal Aspects in Tourism and Hospitality
THC8,Legal Aspects in Tourism and Hospitality
HPC1,Kitchen Essentials and Basic Food Preparation (Laboratory)
THC9,Multicultural Diversity in Workplace for the Tourism Professional
HMPE2,Bread and Pastry (Laboratory)
GEE 102,Living in the IT Era
HMPE6,Specialty Cuisine (Laboratory)
HMPE6,Specialty Cuisine (Lecture)
HPC5,Supply Chain Management in Hospitality Industry
BME2,Strategic Management in Tourism and Hospitality
HM-Prac 1,Practicum (Hotel Phase) - 300 hours
HM-Prac 2,Practicum (Restaurant Phase) - 300 hours
THC9,Multicultural Diversity in Workplace for the Tourism Professional
HM-Prac 2,Practicum (Restaurant Phase) - 300 hours
HM-Prac 1,Practicum (Hotel Phase) - 300 hours
HM-Prac 2,Practicum (Restaurant Phase) - 300 hours
HM-Prac 1,Practicum (Hotel Phase) - 300 hours
HM-Prac 2,Practicum (Restaurant Phase) - 300 hours
HM-Prac 1,Practicum (Hotel Phase) - 300 hours
LABCUST,Laboratory Custodian
HM-Prac 2,Practicum (Restaurant Phase) - 300 hours
THC5,Micro Perspective of Tourism and Hospitality
LABCUST,Laboratory Custodian
LABCUST,Laboratory Custodian
HMPE7,Front Office Operation
THC9,Multicultural Diversity in Workplace for the Tourism Professional
LABCUST,Laboratory Custodian
LABCUST,Laboratory Custodian
LABCUST,Laboratory Custodian
SMC105,World History 1
SMC103,Socio-Cultural Anthropology
Ed/PCK2,Assessment in Learning 1
GEE103,Reading Visual Arts
EMC117,"Contemporary, Popular and Emergent Literature"
MMC115,Principles and Strategies in Teaching Mathematics
Ed/EL3,Teaching Internship
GEE102,Environmental Science
EMC112,Survey on English and American Literature
SMC121,Technology for Teaching and Learning 2
EMC109,Technical Writing
EMC120,Language Education Research
Ed/FTC4,Foundation of Special and Inclusive Education
EMC118,Technology in Language Education
PATHFit4,"Sports, Martial Arts, Oudoor and Adventure Activities"
Ed/EL3,Teaching Internship
RVW,Review Seminar (Majorship)
FMC111,Panulaang Filipino
ED/FTC3,"The Teacher, The Community, School Culture and Organizational Leadership"
BMC119,Research in Education 2
GEC109,Rizal's Life and Works
FMC118,Technology for Teaching and Learning 2
SMC117,Trends and Issues in Social Studies
GEC107,The Contemporary World
FMC116,Pagtuturo at Pagtaya ng Markong Kasanayang Pang wika
FMC117,Paghahanda at Ebalwasyon ng Kagamitang Pangturo
FMC117,Paghahanda at Ebalwasyon ng Kagamitang Pangturo
FMC117,Paghahanda at Ebalwasyon ng Kagamitang Pangturo
EMC117,"Contemporary, Popular and Emergent Literature"
EMC117,"Contemporary, Popular and Emergent Literature"
GEE102,Environmental Science
GEC105,Readings in Philippine History
EMC111,Survey on Afro-Asian Literature
FMC110,Sanaysay at Talumpati
BMC108,Teaching Social Studies in the Elementary Grades (Culture and Geography)
MMC118,Assessment and Evaluation in Mathematics
NSTP2,Community Immersion
BMC114,Teaching Math in the Intermediate Grades
GEE102,Environmental Science
FMC119,Introduksyon sa Pananaliksik-Wika at Panlipunan
SMC118,Production of Social Studies Instructional Materials
BMC117,Good Manners and Right Conduct (Edukasyon sa Pagpapakatao)
Ed/EL3,Teaching Internship
BMC102,Pagututuro ng Filipino sa Elementarya (II) - Panitika ng Pilipinas
EEL102,Elective 2 (English for specific purpose)
Ed/EL3,Teaching Internship
PATHFit2,Exercise Based Fitness Activities
FMC102,Estruktura ng Wikang Filipino
Ed/FTC4,Foundation of Special and Inclusive Education
SMC112,Comparative Government and Policies
FMC119,Introduksyon sa Pananaliksik-Wika at Panlipunan
NSTP2,Community Immersion
GEC108,Ethics
EMC112,Survey on English and American Literature
Ed/PCK4,Assessment in Learning 2
GEC103,Purposive Communication
FMC118,Technology for Teaching and Learning 2
BMC114,Teaching Math in the Intermediate Grades
GEC109,Rizal's Life and Works
GEE103,Reading Visual Arts
GEC102,Mathematics in the Modern World
MMC119,Technology for Teaching and Learning 2 (Instrumentation and Technology in Mathematics)
EMC103,Structure of English
EMC120,Language Education Research
GEC109,Rizal's Life and Works
GEC104,"Science, Technology and Society"
SMC119,Research in Social Studies
MMC116,"Problem Solving, Mathematical Investigation and Modeling"
SMC109,Places and Landscapes in a Changing World
EMC119,Language Learning Materials Development
MMC103,Plane and Solid Geometry
Ed/PCK2,Assessment in Learning 1
NSTP2,Community Immersion
GEC105,Readings in Philippine History
SMC110,Teaching Approaches in Secondary Social Studies
SMC109,Places and Landscapes in a Changing World
BMC116,Technology for Teaching in the Elementary Grades
BMC103,"Teaching Science in the Elementary Grades (Physics, Earth and Space Sciences)"
Ed/FTC2,The Teaching Profession
SMC120,Assessment and Evaluation in Social Sciences
GEE102,Environmental Science
BMC116,Technology for Teaching in the Elementary Grades
Ed/FTC2,The Teaching Profession
GEC104,"Science, Technology and Society"
FMC116,Pagtuturo at Pagtaya ng Markong Kasanayang Pang wika
EMC112,Survey on English and American Literature
SEL102,Elective 2 (Basic School Management & Administration)
Ed/PCK2,Assessment in Learning 1
EEL102,Elective 2 (English for specific purpose)
GEE102,Environmental Science
BMC119,Research in Education 2
Ed/PCK5,The Teacher and The School Curriculum
SMC121,Technology for Teaching and Learning 2
MMC104,Logic and Set Theory
EEL101,Elective 1 (Remedial Instruction)
EMC105,Principles and Theories of Language Acquisition and Learning
RVW,Review Seminar (Majorship)
Ed/EL3,Teaching Internship
Ed/FTC2,The Teaching Profession
BMC116,Technology for Teaching in the Elementary Grades
GEE102,Environmental Science
Ed/PCK5,The Teacher and The School Curriculum
Ed/PCK2,Assessment in Learning 1
FMC115,Ang Filipino sa Kurikulum ng Batayang Edukasyon
EMC111,Survey on Afro-Asian Literature
SMC104,Geography 2
Ed/FTC4,Foundation of Special and Inclusive Education
FMC110,Sanaysay at Talumpati
EMC121,Teaching and Assessment of Literature Skills
BMC109,Teaching English in the Elementary Grades Through Literature
GEC108,Ethics
EMC120,Language Education Research
BMC116,Technology for Teaching in the Elementary Grades
Ed/FTC4,Foundation of Special and Inclusive Education
RVW,Review Seminar (Majorship)
EMC104,Mythology and Folklore
Ed/PCK6,Building and Enhancing New Literacies Across the Curriculum
BMC110,Edukasyong Pantahanan at Pangkabuhayan with Entrepreneurship
RVW,Review Seminar (Majorship)
GEC108,Ethics
SMC110,Teaching Approaches in Secondary Social Studies
BMC108,Teaching Social Studies in the Elementary Grades (Culture and Geography)
Ed/PCK4,Assessment in Learning 2
EMC103,Structure of English
GEC109,Rizal's Life and Works
EMC110,Survey of Philippine Literature in the Philippines
Ed/FTC4,Foundation of Special and Inclusive Education
FMC115,Ang Filipino sa Kurikulum ng Batayang Edukasyon
Ed/PCK6,Building and Enhancing New Literacies Across the Curriculum
Ed/PCK4,Assessment in Learning 2
EMC105,Principles and Theories of Language Acquisition and Learning
EMC110,Survey of Philippine Literature in the Philippines
BMC119,Research in Education 2
GEC108,Ethics
EMC119,Language Learning Materials Development
FMC118,Technology for Teaching and Learning 2
Ed/PCK6,Building and Enhancing New Literacies Across the Curriculum
BMC117,Good Manners and Right Conduct (Edukasyon sa Pagpapakatao)
EMC111,Survey on Afro-Asian Literature
SMC118,Production of Social Studies Instructional Materials
GEC106,Art Appreciation
FMC115,Ang Filipino sa Kurikulum ng Batayang Edukasyon
Ed/PCK6,Building and Enhancing New Literacies Across the Curriculum
EMC118,Technology in Language Education
FMC115,Ang Filipino sa Kurikulum ng Batayang Edukasyon
BMC119,Research in Education 2
GEC105,Readings in Philippine History
GEC104,"Science, Technology and Society"
Ed/EL3,Teaching Internship
GEC108,Ethics
NSTP2,Community Immersion
FMC102,Estruktura ng Wikang Filipino
EMC121,Teaching and Assessment of Literature Skills
GEC108,Ethics
GEC105,Readings in Philippine History
Ed/PCK6,Building and Enhancing New Literacies Across the Curriculum
MMC104,Logic and Set Theory
GEC109,Rizal's Life and Works
Ed/EL3,Teaching Internship
EMC110,Survey of Philippine Literature in the Philippines
RVW,Review Seminar (Majorship)
BMC110,Edukasyong Pantahanan at Pangkabuhayan with Entrepreneurship
FMC108,Barayti at Baryasyon ng Wika
PATHFit4,"Sports, Martial Arts, Oudoor and Adventure Activities"
FMC116,Pagtuturo at Pagtaya ng Markong Kasanayang Pang wika
Ed/FTC2,The Teaching Profession
Ed/PCK6,Building and Enhancing New Literacies Across the Curriculum
Ed/FTC2,The Teaching Profession
SMC104,Geography 2
MMC102,Trigonometry
MMC102,Trigonometry
EMC121,Teaching and Assessment of Literature Skills
RVW,Review Seminar (Majorship)
EMC111,Survey on Afro-Asian Literature
GEC108,Ethics
EMC109,Technical Writing
FMC117,Paghahanda at Ebalwasyon ng Kagamitang Pangturo
Ed/PCK6,Building and Enhancing New Literacies Across the Curriculum
ED/FTC3,"The Teacher, The Community, School Culture and Organizational Leadership"
GEC102,Mathematics in the Modern World
GEC109,Rizal's Life and Works
FEL102,Pagsasalin sa Ibat-ibang Disiplina (Elective 2)
FMC104,Panitikan ng Rehiyon
BMC115,Content and Pedagogy for the Mother Tongue
GEC109,Rizal's Life and Works
PATHFit4,"Sports, Martial Arts, Oudoor and Adventure Activities"
EMC109,Technical Writing
FMC109,Maikling Kuwento at Nobelang Filipino
FMC108,Barayti at Baryasyon ng Wika
BMC115,Content and Pedagogy for the Mother Tongue
Ed/FTC4,Foundation of Special and Inclusive Education
FMC118,Technology for Teaching and Learning 2
BMC109,Teaching English in the Elementary Grades Through Literature
Ed/PCK2,Assessment in Learning 1
GEC109,Rizal's Life and Works
FMC111,Panulaang Filipino
GEC108,Ethics
BMC117,Good Manners and Right Conduct (Edukasyon sa Pagpapakatao)
Ed/PCK4,Assessment in Learning 2
Ed/PCK6,Building and Enhancing New Literacies Across the Curriculum
PATHFit2,Exercise Based Fitness Activities
Ed/EL3,Teaching Internship
SMC111,Macroeconomics
EEL101,Elective 1 (Remedial Instruction)
MMC117,Research in Mathematics
FMC116,Pagtuturo at Pagtaya ng Markong Kasanayang Pang wika
PATHFit4,"Sports, Martial Arts, Oudoor and Adventure Activities"
EMC118,Technology in Language Education
GEC104,"Science, Technology and Society"
EMC119,Language Learning Materials Development
FMC119,Introduksyon sa Pananaliksik-Wika at Panlipunan
EEL102,Elective 2 (English for specific purpose)
GEC109,Rizal's Life and Works
SMC103,Socio-Cultural Anthropology
FMC109,Maikling Kuwento at Nobelang Filipino
RVW,Review Seminar (Majorship)
RVW,Review Seminar (Majorship)
Ed/EL3,Teaching Internship
RVW,Review Seminar (Majorship)
EMC104,Mythology and Folklore
NSTP2,Community Immersion
SMC117,Trends and Issues in Social Studies
BMC104,Teaching Music in the Elementary Grades
GEC109,Rizal's Life and Works
BMC102,Pagututuro ng Filipino sa Elementarya (II) - Panitika ng Pilipinas
NSTP2,Community Immersion
EMC112,Survey on English and American Literature
BMC103,"Teaching Science in the Elementary Grades (Physics, Earth and Space Sciences)"
EMC110,Survey of Philippine Literature in the Philippines
PATHFit4,"Sports, Martial Arts, Oudoor and Adventure Activities"
FMC103,Introduksyon sa Pagsasalin
Ed/PCK6,Building and Enhancing New Literacies Across the Curriculum
Ed/PCK6,Building and Enhancing New Literacies Across the Curriculum
Ed/EL3,Teaching Internship
EMC109,Technical Writing
EMC117,"Contemporary, Popular and Emergent Literature"
Ed/FTC2,The Teaching Profession
EEL101,Elective 1 (Remedial Instruction)
EEL101,Elective 1 (Remedial Instruction)
EMC120,Language Education Research
GEC107,The Contemporary World
EEL102,Elective 2 (English for specific purpose)
GEC109,Rizal's Life and Works
Ed/PCK2,Assessment in Learning 1
RVW,Review Seminar (Majorship)
EMC121,Teaching and Assessment of Literature Skills
CRISOC3,PROFESSIONAL CONDUCT AND ETHICAL STANDARD
CRISOC3,PROFESSIONAL CONDUCT AND ETHICAL STANDARD
CLJ 1,INTRODUCTION TO PHILIPINE CRIMINAL JUSTICE SYSTEM
CLJ 1,INTRODUCTION TO PHILIPINE CRIMINAL JUSTICE SYSTEM
LEA1,LAW ENFORCEMENT ORGANIZATION AND ADMINISTRATION
LEA1,LAW ENFORCEMENT ORGANIZATION AND ADMINISTRATION
CRISOC 2,THEORIES OF CRIME AND CAUSATION
CRISOC 2,THEORIES OF CRIME AND CAUSATION
GEC 103,PURPOSIVE COMMUNICATION
GEC 103,PURPOSIVE COMMUNICATION
PATHFit 2,EXERCISE BASED FITNESS ACTIVITY
GEC 102,MATHEMATICS IN THE MODERN WORLD
GEC 106,ART APPRECIATION
GEC 106,ART APPRECIATION
GEE 101,"Religion, Religious Experiences & Spirituality"
GEE 101,"Religion, Religious Experiences & Spirituality"
MN 1,Intro to Human Resource and Labor Laws
MN 1,Intro to Human Resource and Labor Laws
CLJ 1,INTRODUCTION TO PHILIPINE CRIMINAL JUSTICE SYSTEM
CLJ 1,INTRODUCTION TO PHILIPINE CRIMINAL JUSTICE SYSTEM
LEA1,LAW ENFORCEMENT ORGANIZATION AND ADMINISTRATION
LEA1,LAW ENFORCEMENT ORGANIZATION AND ADMINISTRATION
CRISOC 2,THEORIES OF CRIME AND CAUSATION
CRISOC 2,THEORIES OF CRIME AND CAUSATION
GEC 103,PURPOSIVE COMMUNICATION
GEC 103,PURPOSIVE COMMUNICATION
PATHFit 2,EXERCISE BASED FITNESS ACTIVITY
GEC 102,MATHEMATICS IN THE MODERN WORLD
GEC 106,ART APPRECIATION
GEC 106,ART APPRECIATION
GEE 101,"Religion, Religious Experiences & Spirituality"
GEE 101,"Religion, Religious Experiences & Spirituality"
FS2,Personnel Security
LEA 3,COMPARATIVE MODEL IN POLICING
LEA 3,COMPARATIVE MODEL IN POLICING
CRIMIN 3,FORENSIC CHEMISTRY AND TOXICOLOGY
CRIMIN 3,FORENSIC CHEMISTRY AND TOXICOLOGY
CDI2,TRAFFIC MANAGEMENT & ACCIDENT INVESTIGATION WITH DRIVING
CDI2,TRAFFIC MANAGEMENT & ACCIDENT INVESTIGATION WITH DRIVING
CDI 3,SPECIALIZED CRIME INVESTIGATION 1 WITH LEGAL MEDICINE
CDI 3,SPECIALIZED CRIME INVESTIGATION 1 WITH LEGAL MEDICINE
PATHFit 4,OUTDOOR AND ADVENTURE ACTIVITIES
CLJ 3,CRIMINAL LAW (BOOK 1)
CLJ 3,CRIMINAL LAW (BOOK 1)
CRIMIN 2,PERSONAL IDENTIFICATION TECHNIQUES
GEE 103,READING VISUAL ARTS
GEE 103,READING VISUAL ARTS
EGE 1,ELECTIVE 2
EGE 1,ELECTIVE 2
PATHFit 4,Marksmanship
FS 5,Intro to Security Administration & Mngmt
FS 5,Intro to Security Administration & Mngmt
FS2,Personnel Security
IS2,"BASIC OCCUPATIONAL SAFETY, HEALTH, AND ENVIRONMENTAL PROTECTION"
IS2,"BASIC OCCUPATIONAL SAFETY, HEALTH, AND ENVIRONMENTAL PROTECTION"
GEE 103,READING VISUAL ARTS
GEE 103,READING VISUAL ARTS
MN 2,Intro to Forensic Science
MN 2,Intro to Forensic Science
CDI 8,TECHNICAL ENGLISH 2
CDI 8,TECHNICAL ENGLISH 2
CDI7,"VICE DRUG, PREVENTION & CONTROL"
CDI7,"VICE DRUG, PREVENTION & CONTROL"
CRIMIN 5,LIE DETECTION TECHNIQUES
CRIMIN 5,LIE DETECTION TECHNIQUES
CORR 2,NON-INSTITUTIONAL CORRECTION
CORR 2,NON-INSTITUTIONAL CORRECTION
CDI 9,ENVIRONMENTAL LAWS AND PROTECTION
CDI 9,ENVIRONMENTAL LAWS AND PROTECTION
EDPCK 1,METHODS OF TEACHING
EDPCK 1,METHODS OF TEACHING
CF 2,CHARACTER FORMATION 2
CF 2,CHARACTER FORMATION 2
CRISOC 7,CRIMINOLOGICAL RESEARCH 1
CDI 8,TECHNICAL ENGLISH 2
CDI 8,TECHNICAL ENGLISH 2
CDI7,"VICE DRUG, PREVENTION & CONTROL"
CDI7,"VICE DRUG, PREVENTION & CONTROL"
CRISOC 7,CRIMINOLOGICAL RESEARCH 1
CRISOC 7,CRIMINOLOGICAL RESEARCH 1
CORR 2,NON-INSTITUTIONAL CORRECTION
CORR 2,NON-INSTITUTIONAL CORRECTION
CDI 9,ENVIRONMENTAL LAWS AND PROTECTION
CDI 9,ENVIRONMENTAL LAWS AND PROTECTION
EDPCK 1,METHODS OF TEACHING
EDPCK 1,METHODS OF TEACHING
CF 2,CHARACTER FORMATION 2
CF 2,CHARACTER FORMATION 2
IS 12,Crime Prevention and Detection & Control
CLJ 5,EVIDENCE
CDI 8,TECHNICAL ENGLISH 2
CDI 8,TECHNICAL ENGLISH 2
CDI7,"VICE DRUG, PREVENTION & CONTROL"
CDI7,"VICE DRUG, PREVENTION & CONTROL"
CRIMIN 5,LIE DETECTION TECHNIQUES
CRIMIN 5,LIE DETECTION TECHNIQUES
CORR 2,NON-INSTITUTIONAL CORRECTION
CORR 2,NON-INSTITUTIONAL CORRECTION
CDI 9,ENVIRONMENTAL LAWS AND PROTECTION
CDI 9,ENVIRONMENTAL LAWS AND PROTECTION
EDPCK 1,METHODS OF TEACHING
EDPCK 1,METHODS OF TEACHING
CF 2,CHARACTER FORMATION 2
CF 2,CHARACTER FORMATION 2
IS 6,Real Estate Security Administration & Management
CLJ 5,EVIDENCE
IS7,"VICE DRUG, PREVENTION & CONTROL"
IS7,"VICE DRUG, PREVENTION & CONTROL"
IS8,EXECUTIVE PROTECTION MANAGEMENT
IS8,EXECUTIVE PROTECTION MANAGEMENT
IS 5,Security of Critical Infrastracture
MN 6,INTRODUCTION TO STATISTICS
CRISOC3,PROFESSIONAL CONDUCT AND ETHICAL STANDARD
CRISOC3,PROFESSIONAL CONDUCT AND ETHICAL STANDARD
OJT,INTERNSHIP
PEC 2,PROFESSIONAL ENHANCEMENT COURSE
PEC 2,PROFESSIONAL ENHANCEMENT COURSE
CRISOC 8,CRIMINOLOGICAL RESEARCH 2
OJT,INTERNSHIP
PEC 2,PROFESSIONAL ENHANCEMENT COURSE
CRISOC 8,CRIMINOLOGICAL RESEARCH 2
OJT,INTERNSHIP
PEC 2,PROFESSIONAL ENHANCEMENT COURSE
CRISOC 8,CRIMINOLOGICAL RESEARCH 2
PEC 2,PROFESSIONAL ENHANCEMENT COURSE
CRISOC 8,CRIMINOLOGICAL RESEARCH 2
PEC 2,PROFESSIONAL ENHANCEMENT COURSE
CRISOC 8,CRIMINOLOGICAL RESEARCH 2
IS 13,CRIME SCENE PROTECTION
IS 12,"CRIME PREVENTION, DETECTION & CONTROL"
IS14,Corporate & Security Investigation & Report Writing
OJT,INTERNSHIP
CLJ 3,CRIMINAL LAW (BOOK 1)
IS 15,Crisis Mngmt & Business Plan
IS 13,CRIME SCENE PROTECTION
CRIMIN 5,LIE DETECTION TECHNIQUES
IS14,Corporate & Security Investigation & Report Writing
OJT,INTERNSHIP
CRIMIN 5,LIE DETECTION TECHNIQUES
IS 13,CRIME SCENE PROTECTION
IS 13,CRIME SCENE PROTECTION
IS14,Corporate & Security Investigation & Report Writing
IS14,Corporate & Security Investigation & Report Writing
IS 15,Crisis Mngmt & Business Plan
IS 12,"CRIME PREVENTION, DETECTION & CONTROL"
IS 9,Asset Protection Management
CLJ 5,EVIDENCE
CRISOC 7,CRIMINOLOGICAL RESEARCH 1
CRISOC 7,CRIMINOLOGICAL RESEARCH 1
IS 15,Crisis Mngmt & Business Plan
OJT,INTERNSHIP
CRISOC 5,Juvenile Delinquency & Juvenile Justice System
CRISOC 5,Juvenile Delinquency & Juvenile Justice System
SEL101,Elective 1 ( Human Resource Management )
IS 6,Real Estate Security Administration & Management
CRISOC 7,CRIMINOLOGICAL RESEARCH 1
IS 15,Crisis Mngmt & Business Plan
PathFit 2,Exercise based Fitness Activities
PathFit 2,Exercise based Fitness Activities
PathFit 4,"Sports, Marial Arts, and Outdoor, and Adventure Activities"
PathFit 4,"Sports, Marial Arts, and Outdoor, and Adventure Activities"
Ed/FTC 2,The Teaching Profession
Ed/FTC 2,The Teaching Profession
Ed/FTC 2,The Teaching Profession
Ed/FTC 2,The Teaching Profession
Ed/FTC 2,The Teaching Profession
Ed/FTC 2,The Teaching Profession
PathFit 2,Exercise based Fitness Activities
PathFit 4,"Sports, Marial Arts, and Outdoor, and Adventure Activities"
NSTP 2,National Service Training
NSTP 2,National Service Training
NSTP 2,National Service Training
BACC 4,Good Governance and Social Responsibility
BACC 4,Good Governance and Social Responsibility
BACC 4,Good Governance and Social Responsibility
BACC 4,Good Governance and Social Responsibility
AC 11,Accounting for Business Combinations
MMMC 3,ELECTIVE 3 – ENTREPRENURIAL MANAGEMENT
MMMC 3,ELECTIVE 3 – ENTREPRENURIAL MANAGEMENT
MMMC 3,ELECTIVE 3 – ENTREPRENURIAL MANAGEMENT
MMMC 3,ELECTIVE 3 – ENTREPRENURIAL MANAGEMENT
MMMC 3,ELECTIVE 3 – ENTREPRENURIAL MANAGEMENT
MMMC 3,ELECTIVE 3 – ENTREPRENURIAL MANAGEMENT
ECO 1,Managerial Economics
ECO 1,Managerial Economics
NSTP 2,National Service Training
NSTP 2,National Service Training
MGT 4,Strategic Business Analysis
MGT 4,Strategic Business Analysis
AC 11,Accounting for Business Combinations
BACC 7,BUSINESS RESEARCH
BACC 6,InternatioNAL BUSINESS TRADE
BACC 6,InternatioNAL BUSINESS TRADE
FMMC 3,Banking and Financial Institution
BACC 6,INTERNATIONAL BUSINESS TRADE
BACC 6,INTERNATIONAL BUSINESS TRADE
BACC 6,INTERNATIONAL BUSINESS TRADE
Ed/ FTC 1,The Child and Adolescent Learner and Learning Principle
FMMC 3,Banking and Financial Institution
Ed/ FTC 1,The Child and Adolescent Learner and Learning Principle
Ed/ FTC 1,The Child and Adolescent Learner and Learning Principle
FMMC 3,Banking and Financial Institution
Ed/ FTC 1,The Child and Adolescent Learner and Learning Principle
FMMC 3,Banking and Financial Institution
BACC 6,INTERNATIONAL BUSINESS TRADE
BACC 6,INTERNATIONAL BUSINESS TRADE
BACC 6,INTERNATIONAL BUSINESS TRADE
GEC 105,Readings in Philippine History
GEC 105,Readings in Philippine History
GEC 105,Readings in Philippine History
GEC 105,Readings in Philippine History
GEC 105,Readings in Philippine History
GEC 105,Readings in Philippine History
FMEC 1,ELECTIVE 1 ( Behavioral Finance )
FMEC 1,ELECTIVE 1 ( Behavioral Finance )
FMEC 1,ELECTIVE 1 ( Behavioral Finance )
FMEC 1,ELECTIVE 1 ( Behavioral Finance )
AC 13,Accounting Research Methods
AC 13,Accounting Research Methods
BACC 7,BUSINESS RESEARCH
BACC 7,BUSINESS RESEARCH
BACC 7,BUSINESS RESEARCH
BACC 7,BUSINESS RESEARCH
BACC 7,BUSINESS RESEARCH
BA-PRAC,INTERNSHIP (600 HRS)
GEE 102,Environmental Science
GEE 102,Environmental Science
GEC 104,Science and Technology and Society
GEC 104,Science and Technology and Society
GEE 102,Environmental Science
GEE 102,Environmental Science
MGT 1,Management Science
MGT 1,Management Science
GEC 104,Science and Technology and Society
GEC 104,Science and Technology and Society
GEC 107,The Contemporary World
GEC 107,The Contemporary World
Prof-Elec 1,Human Behaviour in Organization
Prof-Elec 1,Human Behaviour in Organization
GEC 103,Reading Visual Arts
GEC 103,Reading Visual Arts
BA-PRAC,INTERNSHIP (600 HRS)
BA-PRAC,INTERNSHIP (600 HRS)
GEC 109,RIZAL’S LIFE AND WORKS
GEC 109,RIZAL’S LIFE AND WORKS
GEC 109,RIZAL’S LIFE AND WORKS
GEC 109,RIZAL’S LIFE AND WORKS
GEC 109,RIZAL’S LIFE AND WORKS
GEC 109,RIZAL’S LIFE AND WORKS
BA-PRAC,INTERNSHIP (600 HRS)
Prof Elec - AC4,Principles and Methods and of Teaching Accounting
Prof Elec - AC4,Principles and Methods and of Teaching Accounting
Prof Elec - AC4,Principles and Methods and of Teaching Accounting
GEC 109,RIZAL’S LIFE AND WORKS
GEC 109,RIZAL’S LIFE AND WORKS
Prof Elec - AC3,Operations Auditing
Prof Elec - AC3,Operations Auditing
Prof Elec - AC3,Operations Auditing
Prof Elec - AC3,Operations Auditing
Prof Elec - AC4,Principles and Methods and of Teaching Accounting
BA-PRAC,INTERNSHIP (600 HRS)
BA-PRAC,INTERNSHIP (600 HRS)
BA-PRAC,INTERNSHIP (600 HRS)
BA-PRAC,INTERNSHIP (600 HRS)
BACC 3,Income Taxation
BACC 3,Income Taxation
BACC 3,Income Taxation
BL 2,Business Laws and Regulations
BL 2,Business Laws and Regulations
GEC 5,Readings in Philippine History
GEC 5,Readings in Philippine History
BACC 3,Income Taxation
TAX 1,Income Taxation
TAX 1,Income Taxation
AUD 3,Auditing and Assurance Concepts and APP 2
BA-PRAC,INTERNSHIP (600 HRS)
BA-PRAC,INTERNSHIP (600 HRS)
AUD 3,Auditing and Assurance Concepts and APP 2
AC 2,Conceptual Framework and Accounting
AC 2,Conceptual Framework and Accounting
AC 3,Intermediate Accounting 1
AC 3,Intermediate Accounting 1
AC 5,Intermediate Accounting 3
AC 5,Intermediate Accounting 3
Comp 2,Statistical Analysis with Software Apps
AUD 1,Auditing Assurance and Principles
AUD 2,Auditing Assurance and Concepts Application 1
AUD 2,Auditing Assurance and Concepts Application 1
AC 7,Strategic Cost Management
AC 7,Strategic Cost Management
AC 16,Accounting Integrations
AC 16,Accounting Integrations
Comp 2,Statistical Analysis with Software Apps
BACC 1,Basic Micro Economics
BACC 1,Basic Micro Economics
BACC 1,Basic Micro Economics
BACC 1,Basic Micro Economics
CBMEC 2,OPERATIONS MANAGEMENT (TQM)
CBMEC 2,OPERATIONS MANAGEMENT (TQM)
CBMEC 2,OPERATIONS MANAGEMENT (TQM)
CBMEC 2,OPERATIONS MANAGEMENT (TQM)
CBMEC 2,OPERATIONS MANAGEMENT (TQM)
CBMEC 2,OPERATIONS MANAGEMENT (TQM)
AUD 1,Auditing Assurance and Principles
AUD 4,Auditing and Assurance : Specialized Industries
CBMEC 2,Operations Management (TQM)
CBMEC 2,Operations Management (TQM)
AUD 4,Auditing and Assurance : Specialized Industries
AC 12,Accounting for Gov and Non Profit Org
AC 12,Accounting for Gov and Non Profit Org
BAMB 102,FINANCIAL ACCOUNTING and REPORTING ( BASIC ACCOUNTING )
BAMB 102,FINANCIAL ACCOUNTING and REPORTING ( BASIC ACCOUNTING )
BAMB 102,FINANCIAL ACCOUNTING and REPORTING ( BASIC ACCOUNTING )
BAMB 102,FINANCIAL ACCOUNTING and REPORTING ( BASIC ACCOUNTING )
FMMC 2,Financial Analysis and Reporting
FMMC 2,Financial Analysis and Reporting
FMMC 2,Financial Analysis and Reporting
FMMC 2,Financial Analysis and Reporting
FMMC 6,Credit and collection
FMMC 6,Credit and collection
FMMC 6,Credit and collection
FMMC 6,Credit and collection
FMMC 6,Credit and collection
FMMC 6,Credit and collection
FMMC 1,Financial Management 1
FMMC 1,Financial Management 1
